{"cameraMode":{"drawMode":0,"name":"Shaded","section":"Shading Mode"},"sceneLighting":true,"audioPlay":false,"sceneViewState":{"showFog":false,"showMaterialUpdate":false,"showSkybox":false,"showFlares":false,"showImageEffects":false,"showParticleSystems":false},"in2DMode":false,"pivot":{"x":-0.4053630828857422,"y":1.7631125450134278,"z":0.3337831497192383},"rotation":{"x":-0.1703096479177475,"y":0.5576969385147095,"z":-0.11818084865808487,"w":-0.8037540912628174},"size":48.25114822387695,"orthographic":false}